2018,SatOct 20,12:10pm
2018,MonOct 22,Tentative
2018,SatNov 24,9:45am
2018,MonNov 26,Tentative
2018,TueNov 27,Tentative
2018,WedNov 28,Tentative
2018,WedNov 28,Tentative
2018,WedNov 28,Tentative
2018,WedNov 28,Tentative
2018,ThuNov 29,27th-30th
2018,ThuNov 29,Tentative
2018,FriNov 30,26th-30th
2018,FriNov 30,29th-4th
2018,SatDec 1,9:45am
2018,WedNov 28,Tentative
2018,WedNov 28,Tentative
2018,ThuNov 29,Tentative
2018,ThuNov 29,Tentative
2018,TueDec 4,Tentative
2018,TueDec 4,Tentative
2018,TueDec 4,Tentative
2018,TueDec 4,Tentative
2018,TueDec 4,Tentative
2018,FriDec 7,Tentative
2018,FriDec 7,Tentative
2019,TueJan 22,Tentative
2019,TueJan 22,Tentative
2019,TueJan 22,Tentative
2019,WedJan 23,Tentative
2019,TueJan 29,Tentative
2019,WedJan 30,Tentative
2019,WedJan 30,Tentative
2019,WedJan 30,Tentative
2019,ThuJan 31,Tentative
2019,ThuJan 31,Tentative
2019,ThuJan 31,Tentative
2019,TueJan 22,Tentative
2019,TueJan 22,Tentative
2019,TueJan 22,Tentative
2019,WedJan 23,Tentative
2019,TueJan 29,Tentative
2019,WedJan 30,Tentative
2019,WedJan 30,Tentative
2019,WedJan 30,Tentative
2019,ThuJan 31,Tentative
2019,ThuJan 31,Tentative
2019,ThuJan 31,Tentative
2019,TueJan 22,Tentative
2019,TueJan 22,Tentative
2019,TueJan 22,Tentative
2019,WedJan 23,Tentative
2019,TueJan 29,Tentative
2019,WedJan 30,Tentative
2019,WedJan 30,Tentative
2019,WedJan 30,Tentative
2019,ThuJan 31,Tentative
2019,ThuJan 31,Tentative
2019,ThuJan 31,Tentative
2019,TueJan 22,Tentative
2019,TueJan 22,Tentative
2019,TueJan 22,Tentative
2019,WedJan 23,Tentative
2019,TueJan 29,Tentative
2019,WedJan 30,Tentative
2019,WedJan 30,Tentative
2019,WedJan 30,Tentative
2019,ThuJan 31,Tentative
2019,ThuJan 31,Tentative
2019,ThuJan 31,Tentative
2019,MonFeb 4,Tentative
2019,TueFeb 5,Tentative
2019,WedFeb 6,Tentative
2019,ThuFeb 7,Tentative
2019,SatFeb 9,8:30am
2019,MonFeb 4,Tentative
2019,TueFeb 5,Tentative
2019,WedFeb 6,Tentative
2019,ThuFeb 7,Tentative
2019,SatFeb 9,8:30am
2019,TueMar 12,Tentative
2019,TueMar 12,12th-17th
2019,TueMar 12,Tentative
2019,TueMar 12,Tentative
2019,TueMar 12,Tentative
2019,WedMar 13,Tentative
2019,WedMar 13,Tentative
2019,ThuMar 14,Tentative
2019,ThuMar 14,Tentative
2019,ThuMar 14,Tentative
2019,FriMar 15,Tentative
2019,FriMar 15,Tentative
2019,SatMar 16,4:00pm
2019,MonMar 18,Tentative
2019,TueMar 19,Tentative
2019,TueMar 19,Tentative
2019,TueMar 19,Tentative
2019,WedMar 20,Tentative
2019,ThuMar 21,Tentative
2019,ThuMar 21,Tentative
2019,SatMar 23,10:00am
2019,SatMar 16,4:00pm
2019,TueMar 19,Tentative
2019,TueMar 19,Tentative
2019,TueMar 19,Tentative
2019,SatMar 23,2:00pm
2019,SatMar 16,4:00pm
2019,TueMar 19,Tentative
2019,TueMar 19,Tentative
2019,TueMar 19,Tentative
2019,SatMar 23,2:00pm
2019,TueMar 19,Tentative
2019,TueMar 19,Tentative
2019,SatMar 23,2:00pm
2019,SunMar 24,
2019,MonMar 25,Tentative
2019,MonMar 25,Tentative
2019,MonMar 25,Tentative
2019,TueMar 26,Tentative
2019,TueMar 26,Tentative
2019,WedMar 27,Tentative
2019,ThuMar 28,Tentative
2019,FriMar 29,Tentative
2019,FriMar 29,Tentative
2019,FriMar 29,Tentative
2019,SunMar 24,
2019,WedMar 27,Tentative
2019,ThuMar 28,28th-3rd
2019,ThuMar 28,Tentative
2019,FriMar 29,Tentative
2019,SunMar 31,Tentative
2019,MonApr 1,Tentative
2019,TueApr 2,Tentative
2019,TueApr 2,Tentative
2019,WedApr 3,Tentative
2019,ThuApr 4,Tentative
2019,ThuApr 4,Tentative
2019,FriApr 5,Tentative
2019,SunMar 24,
2019,ThuMar 28,Tentative
2019,SunMar 31,Tentative
2019,MonApr 1,Tentative
2019,TueApr 2,Tentative
2019,TueApr 2,Tentative
2019,WedApr 3,Tentative
2019,WedApr 3,Tentative
2019,ThuApr 4,Tentative
2019,ThuApr 4,Tentative
2019,FriApr 5,Tentative
2019,SunMar 24,
2019,SunMar 31,Tentative
2019,TueApr 2,Tentative
2019,SunMar 24,
2019,SunMar 31,Tentative
2019,TueApr 2,Tentative
2019,TueApr 2,Tentative
2019,MonApr 8,Tentative
2019,TueApr 9,Tentative
2019,TueApr 9,Tentative
2019,TueApr 9,Tentative
2019,TueApr 9,Tentative
2019,TueApr 9,Tentative
2019,WedApr 10,11th-15th
2019,WedApr 10,11th-15th
2019,WedApr 10,Tentative
2019,WedApr 10,Tentative
2019,ThuApr 11,12th-17th
2019,ThuApr 11,Tentative
2019,ThuApr 11,Tentative
2019,FriApr 12,Tentative
2019,TueApr 2,Tentative
2019,MonApr 8,Tentative
2019,TueApr 9,Tentative
2019,TueApr 9,Tentative
2019,TueApr 9,Tentative
2019,TueApr 9,Tentative
2019,TueApr 9,Tentative
2019,WedApr 10,11th-15th
2019,WedApr 10,11th-15th
2019,WedApr 10,Tentative
2019,WedApr 10,Tentative
2019,ThuApr 11,12th-17th
2019,ThuApr 11,Tentative
2019,ThuApr 11,Tentative
2019,FriApr 12,Tentative
